STATION_ID,ANTENNA_ID,X,Y,Z
0,0,3826885.7461300003,460981.095665,5064665.928
0,1,3826886.84113,460985.966665,5064664.666
0,2,3826888.62613,460974.594665,5064664.354
0,3,3826889.72213,460979.46566499997,5064663.091
0,4,3826890.81813,460984.335665,5064661.828000001
0,5,3826891.91513,460989.206666,5064660.565
0,6,3826891.50613,460968.091665,5064662.78
0,7,3826892.60313,460972.963666,5064661.516000001
0,8,3826893.69813,460977.834666,5064660.254000001
0,9,3826894.79513,460982.705666,5064658.99
0,10,3826895.89113,460987.575666,5064657.727000001
0,11,3826896.9871300003,460992.446666,5064656.464000001
0,12,3826895.48313,460966.461666,5064659.942000001
0,13,3826896.5781300003,460971.332666,5064658.6790000005
0,14,3826897.6751300003,460976.203666,5064657.416
0,15,3826898.7711300002,460981.074666,5064656.153000001
0,16,3826899.86713,460985.945666,5064654.890000001
0,17,3826900.96313,460990.816666,5064653.627
0,18,3826900.55513,460969.701666,5064655.842
0,19,3826901.6521300003,460974.573666,5064654.579000001
0,20,3826902.74713,460979.443666,5064653.316000001
0,21,3826903.84413,460984.31466699997,5064652.053
0,22,3826905.62813,460972.942667,5064651.741
0,23,3826906.72413,460977.813667,5064650.478
1,24,3826968.89414,460899.237672,5064610.91401
1,25,3826969.99014,460904.108672,5064609.65201
1,26,3826971.77514,460892.73667199997,5064609.34001
1,27,3826972.87114,460897.607672,5064608.07701
1,28,3826973.9671400003,460902.477672,5064606.814010001
1,29,3826975.06314,460907.348673,5064605.5510100005
1,30,3826974.65514,460886.234673,5064607.76601
1,31,3826975.7511400003,460891.105673,5064606.502010001
1,32,3826976.84714,460895.97667299997,5064605.240010001
1,33,3826977.94314,460900.847673,5064603.97601
1,34,3826979.04014,460905.717673,5064602.71301
1,35,3826980.13614,460910.588673,5064601.450010001
1,36,3826978.63114,460884.604673,5064604.928010001
1,37,3826979.72714,460889.475673,5064603.665010001
1,38,3826980.82414,460894.345673,5064602.40201
1,39,3826981.92014,460899.216673,5064601.13901
1,40,3826983.01614,460904.087673,5064599.876010001
1,41,3826984.1121400003,460908.958673,5064598.61301
1,42,3826983.70414,460887.844673,5064600.82801
1,43,3826984.80014,460892.71567299997,5064599.56501
1,44,3826985.8961400003,460897.585673,5064598.302010001
1,45,3826986.99214,460902.456674,5064597.03901
1,46,3826988.77714,460891.084674,5064596.7270100005
1,47,3826989.8731400003,460895.95567399997,5064595.46401
2,0,3826592.05312,460960.95064,5064887.141
2,1,3826594.88712,460964.48563999997,5064884.693
2,2,3826592.21512,460953.68864,5064887.675
2,3,3826595.04912,460957.22364,5064885.228
2,4,3826597.88412,460960.75964099995,5064882.7809999995
2,5,3826600.71812,460964.293641,5064880.334
2,6,3826592.37612,460946.42663999996,5064888.211
2,7,3826595.21012,460949.961641,5064885.762999999
2,8,3826598.04612,460953.49764099997,5064883.316
2,9,3826600.88012,460957.031641,5064880.868
2,10,3826603.71512,460960.567641,5064878.421
2,11,3826606.54912,460964.102641,5064875.973999999
2,12,3826595.37312,460942.700641,5064886.2979999995
2,13,3826598.20712,460946.235641,5064883.851
2,14,3826601.04212,460949.771641,5064881.404
2,15,3826603.87612,460953.305641,5064878.955999999
2,16,3826606.71212,460956.841641,5064876.509
2,17,3826609.54612,460960.376642,5064874.061
2,18,3826601.20412,460942.50964099995,5064881.938
2,19,3826604.0381199997,460946.043641,5064879.490999999
2,20,3826606.87312,460949.57964099996,5064877.044
2,21,3826609.70712,460953.114642,5064874.597
2,22,3826607.03512,460942.317642,5064877.579
2,23,3826609.86912,460945.85264199995,5064875.131
3,24,3826555.7061199998,460954.324637,5064915.023
3,25,3826555.0901099998,460959.437637,5064915.023
3,26,3826560.40012,460949.70263799996,5064911.916999999
3,27,3826559.78412,460954.815638,5064911.916999999
3,28,3826559.16812,460959.928637,5064911.916999999
3,29,3826558.55211,460965.041637,5064911.916999999
3,30,3826565.0951199997,460945.081638,5064908.811
3,32,3826563.86312,460955.307638,5064908.811
3,34,3826562.63111,460965.53363799996,5064908.811
3,35,3826562.01511,460970.646638,5064908.811
3,36,3826569.17312,460945.57263799995,5064905.705
3,37,3826568.55712,460950.68563799997,5064905.705
3,39,3826567.3251199997,460960.911638,5064905.705
3,41,3826566.09311,460971.13763799996,5064905.705
3,42,3826572.63612,460951.177639,5064902.598999999
3,43,3826572.02012,460956.29063899996,5064902.598999999
3,44,3826571.40412,460961.40363799996,5064902.598999999
3,45,3826570.7881199997,460966.516638,5064902.598999999
3,46,3826576.0981199997,460956.781639,5064899.493
3,47,3826575.48212,460961.894639,5064899.493
4,0,3826460.99511,461003.12762900005,5064981.702
4,1,3826462.50011,461007.80262900004,5064980.149
4,2,3826463.32911,460996.322629,5064980.565
4,3,3826464.83511,461000.996629,5064979.012
4,4,3826466.3401099998,461005.67163,5064977.46
4,5,3826467.84611,461010.34463,5064975.907
4,6,3826465.66311,460989.51863,5064979.428
4,7,3826467.16911,460994.19163,5064977.875
4,8,3826468.67511,460998.86563,5064976.323
4,9,3826470.18011,461003.54063,5064974.77
4,10,3826471.68611,461008.21363,5064973.217
4,11,3826473.19211,461012.88763,5064971.664
4,12,3826469.50411,460987.38763,5064976.738
4,13,3826471.01011,460992.06163,5064975.185
4,14,3826472.51611,460996.73463,5064973.632
4,15,3826474.02111,461001.40963,5064972.079
4,16,3826475.52711,461006.08363,5064970.527
4,17,3826477.03311,461010.756631,5064968.974
4,18,3826474.85011,460989.93063,5064972.495
4,19,3826476.35611,460994.60363,5064970.942
4,20,3826477.86111,460999.278631,5064969.39
4,21,3826479.36711,461003.952631,5064967.837
4,22,3826480.19611,460992.47263100004,5064968.253
4,23,3826481.70111,460997.147631,5064966.7
5,24,3826508.90411,461042.80663300003,5064942.155
5,25,3826511.73811,461046.341633,5064939.707
5,26,3826509.06611,461035.54463300004,5064942.689
5,27,3826511.90011,461039.079633,5064940.242
5,28,3826514.73511,461042.61563400005,5064937.795
5,29,3826517.56911,461046.14963400003,5064935.348
5,30,3826509.22711,461028.28263300005,5064943.225
5,31,3826512.06111,461031.817633,5064940.777
5,32,3826514.89711,461035.353634,5064938.33
5,33,3826517.73111,461038.88763400004,5064935.882
5,34,3826520.56611,461042.423634,5064933.435
5,35,3826523.40011,461045.95863400004,5064930.988
5,36,3826512.22411,461024.55663300003,5064941.312
5,37,3826515.05811,461028.091634,5064938.865
5,38,3826517.89311,461031.62763400003,5064936.418
5,39,3826520.72711,461035.161634,5064933.97
5,40,3826523.56311,461038.69763400004,5064931.523
5,41,3826526.39711,461042.232635,5064929.075
5,42,3826518.05511,461024.36563400005,5064936.952
5,43,3826520.88911,461027.89963400003,5064934.505
5,44,3826523.72411,461031.43563400005,5064932.058
5,45,3826526.55811,461034.97063500003,5064929.611
5,46,3826523.88611,461024.173634,5064932.593
5,47,3826526.72011,461027.70863500005,5064930.145
6,0,3826575.52212,460870.150639,5064907.756
6,1,3826577.42112,460874.575639,5064905.931
6,2,3826577.2851199997,460863.117639,5064907.068
6,3,3826579.18412,460867.542639,5064905.243
6,4,3826581.0831199996,460871.96863899997,5064903.416999999
6,5,3826582.98212,460876.39264,5064901.591999999
6,6,3826579.04812,460856.083639,5064906.381
6,7,3826580.94612,460860.509639,5064904.556
6,8,3826582.84612,460864.93464,5064902.7299999995
6,9,3826584.74412,460869.36063999997,5064900.904999999
6,10,3826586.6431199997,460873.78564,5064899.079
6,11,3826588.54312,460878.21164,5064897.254
6,12,3826582.70913,460853.47564,5064903.868
6,13,3826584.6091199997,460857.90164,5064902.043
6,14,3826586.50812,460862.32664,5064900.216999999
6,15,3826588.40612,460866.75264,5064898.392
6,16,3826590.30612,460871.17764,5064896.566
6,17,3826592.20412,460875.60364,5064894.740999999
6,19,3826590.1691199997,460859.71864,5064897.705
6,20,3826592.06812,460864.14464,5064895.879
6,21,3826593.9671199997,460868.56964,5064894.054
6,22,3826593.83113,460857.11164,5064895.191
6,23,3826595.73012,460861.536641,5064893.365999999
7,24,3826571.44212,460926.444639,5064905.7299999995
7,25,3826574.66712,460929.426639,5064903.04
7,26,3826570.79012,460919.280638,5064906.865999999
7,27,3826574.01412,460922.262639,5064904.176999999
7,28,3826577.23912,460925.244639,5064901.486
7,29,3826580.4641199997,460928.226639,5064898.796999999
7,30,3826570.13912,460912.115638,5064908.003
7,31,3826573.36312,460915.097639,5064905.313
7,32,3826576.58712,460918.080639,5064902.624
7,33,3826579.81212,460921.062639,5064899.932999999
7,34,3826583.03612,460924.04463899997,5064897.244
7,35,3826586.2601199998,460927.02664,5064894.554
7,36,3826572.71212,460907.932639,5064906.449999999
7,37,3826575.9361199997,460910.914639,5064903.76
7,38,3826579.1601199997,460913.896639,5064901.0709999995
7,39,3826582.3851199998,460916.878639,5064898.38
7,40,3826585.6091199997,460919.86164,5064895.691
7,41,3826588.8331199996,460922.84364,5064893.000999999
7,42,3826578.50812,460906.732639,5064902.2069999995
7,44,3826584.9581199996,460912.69664,5064896.827
7,45,3826588.18212,460915.67864,5064894.137999999
7,46,3826584.3051199997,460905.53264,5064897.964
7,47,3826587.53012,460908.51464,5064895.273999999
8,0,3826693.86812,460999.163649,5064807.262
8,1,3826697.34412,461001.691649,5064804.425
8,2,3826692.61512,460992.163649,5064808.836
8,3,3826696.0901200003,460994.692649,5064805.999
8,4,3826699.56512,460997.219649,5064803.1620000005
8,5,3826703.04112,460999.74864999996,5064800.324
8,6,3826691.36112,460985.163649,5064810.41
8,7,3826694.83612,460987.691649,5064807.572
8,8,3826698.31112,460990.22064899997,5064804.7360000005
8,9,3826701.78712,460992.749649,5064801.898
8,10,3826705.2631200003,460995.27765,5064799.061
8,11,3826708.7381200003,460997.80665,5064796.223
8,12,3826693.58212,460980.692649,5064809.147
8,13,3826697.05712,460983.22164899996,5064806.309
8,14,3826700.5331200003,460985.749649,5064803.472
8,15,3826704.00912,460988.27865,5064800.634
8,16,3826707.48412,460990.80765,5064797.798
8,17,3826710.9591200002,460993.33564999996,5064794.96
8,18,3826699.27912,460978.750649,5064805.046
8,19,3826702.7551200003,460981.27965,5064802.208
8,20,3826706.23012,460983.80665,5064799.371
8,21,3826709.70512,460986.33564999996,5064796.534
8,22,3826704.9761200002,460976.80765,5064800.945
8,23,3826708.45212,460979.33564999996,5064798.108
9,24,3826621.75011,461028.203643,5064858.76999
9,25,3826624.25711,461032.10864299996,5064856.53599
9,26,3826622.52111,461020.96164299996,5064858.84599
9,27,3826625.02611,461024.866643,5064856.61299
9,28,3826627.53311,461028.772643,5064854.37799
9,29,3826630.0391100002,461032.677643,5064852.144
9,30,3826623.29111,461013.720643,5064858.92299
9,31,3826625.79711,461017.62464299996,5064856.68899
9,32,3826628.30311,461021.530643,5064854.455
9,33,3826630.8091100003,461025.435643,5064852.221
9,34,3826633.3151100003,461029.341644,5064849.987
9,35,3826635.82111,461033.246644,5064847.7530000005
9,36,3826626.56711,461010.382643,5064856.765
9,37,3826629.07311,461014.28764299996,5064854.531
9,38,3826631.5791100003,461018.193644,5064852.297
9,39,3826634.0851100003,461022.09864399995,5064850.063
9,40,3826636.59111,461026.004644,5064847.829
9,41,3826639.09711,461029.90864399995,5064845.595
9,42,3826632.3491100003,461010.95164399996,5064852.374
9,43,3826634.8551100004,461014.856644,5064850.14
9,44,3826637.36211,461018.762644,5064847.905
9,45,3826639.86711,461022.667644,5064845.672
9,46,3826638.13111,461011.520644,5064847.982
9,47,3826640.63811,461015.425644,5064845.748
10,0,3826647.9181000004,461147.688645,5064828.328009999
10,1,3826651.7271000003,461149.40264499997,5064825.31501
10,2,3826645.6941000004,461141.13264499995,5064830.590009999
10,3,3826649.5031000003,461142.846645,5064827.577009999
10,4,3826653.3111,461144.559645,5064824.56301
10,5,3826657.1191000002,461146.27364599996,5064821.550009999
10,6,3826643.4691000003,461134.57664399996,5064832.85301
10,7,3826647.2791000004,461136.290645,5064829.839009999
10,8,3826651.0871,461138.004645,5064826.82501
10,9,3826654.8951000003,461139.71764499997,5064823.8120099995
10,10,3826658.7041,461141.43064599996,5064820.79801
10,11,3826662.5121000004,461143.144646,5064817.78501
10,12,3826645.0541000003,461129.73464499996,5064832.101009999
10,13,3826648.8621,461131.448645,5064829.08801
10,14,3826652.6711000004,461133.161645,5064826.07401
10,15,3826656.4791,461134.874646,5064823.061009999
10,16,3826660.2871000003,461136.58864599996,5064820.04701
10,17,3826664.0971000004,461138.302646,5064817.033009999
10,18,3826650.44711,461126.60564499995,5064828.33601
10,19,3826654.2551100003,461128.319645,5064825.3230099995
10,20,3826658.06311,461130.032646,5064822.30901
10,21,3826661.8721100003,461131.74664599996,5064819.29601
10,22,3826655.83911,461123.476646,5064824.57101
10,23,3826659.6481100004,461125.190646,5064821.55801
11,24,3826603.5911100004,461087.84664099995,5064867.011
11,25,3826606.42511,461091.381641,5064864.563
11,26,3826603.7531100004,461080.58464099996,5064867.545
11,27,3826606.58711,461084.119641,5064865.097999999
11,28,3826609.42211,461087.65564199997,5064862.651
11,29,3826612.2561100004,461091.18964199995,5064860.204
11,30,3826603.9141100002,461073.322641,5064868.080999999
11,31,3826606.74811,461076.85764099995,5064865.632999999
11,32,3826609.58411,461080.393642,5064863.186
11,33,3826612.41811,461083.92764199997,5064860.738
11,34,3826615.2531100004,461087.463642,5064858.290999999
11,36,3826606.91111,461069.59664099995,5064866.168
11,37,3826609.74511,461073.131642,5064863.721
11,40,3826618.2501100004,461083.73764199996,5064856.379
11,41,3826621.08411,461087.27264299995,5064853.931
11,42,3826612.74211,461069.40564199997,5064861.807999999
11,44,3826618.41111,461076.475642,5064856.914
11,45,3826621.24511,461080.01064299996,5064854.466999999
11,46,3826618.57311,461069.213642,5064857.449
11,47,3826621.40711,461072.74864299997,5064855.000999999
12,0,3826473.7941,461095.60763000004,5064963.7360000005
12,1,3826477.7481,461096.805631,5064960.66
12,2,3826471.0191,461089.41463,5064966.379
12,3,3826474.9721,461090.61263000005,5064963.303
12,4,3826478.9251,461091.81063100003,5064960.228
12,5,3826482.8791,461093.00963100005,5064957.152
12,6,3826468.2431,461083.22163000004,5064969.022
12,7,3826472.1971,461084.41963,5064965.946
12,8,3826476.1501,461085.61863000004,5064962.871
12,9,3826480.1031,461086.81563100003,5064959.795
12,10,3826484.0561,461088.014631,5064956.72
12,11,3826488.0091,461089.21263100003,5064953.644
12,12,3826469.4211,461078.22663000005,5064968.59
12,13,3826473.3741,461079.42463,5064965.514
12,14,3826477.3271,461080.62363000005,5064962.439
12,16,3826485.2331000003,461083.019631,5064956.288
12,17,3826489.1871,461084.21763100004,5064953.212
12,18,3826474.5511000003,461074.42963,5064965.082
12,19,3826478.5051,461075.628631,5064962.006
12,20,3826482.4581,461076.82663100003,5064958.931
12,21,3826486.4111,461078.024631,5064955.855
12,22,3826479.6821,461070.633631,5064961.574
12,23,3826483.6361000002,461071.83163100004,5064958.498
13,24,3826527.5291,461169.548635,5064916.7190000005
13,25,3826528.0621,461174.598635,5064915.863
13,26,3826531.0871,461163.560635,5064914.589
13,27,3826531.6191000002,461168.61063500005,5064913.734
13,28,3826532.1511,461173.661635,5064912.877
13,29,3826532.6841,461178.711635,5064912.021
13,30,3826534.6451,461157.57363500004,5064912.46
13,31,3826535.1771,461162.623635,5064911.604
13,32,3826535.7101000003,461167.674635,5064910.748
13,33,3826536.2421,461172.72463500005,5064909.892
13,34,3826536.7741,461177.775635,5064909.036
13,35,3826537.3071,461182.825635,5064908.18
13,36,3826538.7351,461156.635636,5064909.474
13,37,3826539.2681,461161.685636,5064908.618
13,38,3826539.8001,461166.73663600005,5064907.762
13,39,3826540.3321,461171.78663600003,5064906.906
13,40,3826540.8651,461176.837636,5064906.05
13,41,3826541.3971,461181.887636,5064905.194
13,42,3826543.3581000003,461160.749636,5064905.633
13,43,3826543.8911,461165.799636,5064904.777
13,44,3826544.4231000002,461170.85063600005,5064903.92
13,45,3826544.9551,461175.90063600003,5064903.065
13,46,3826547.9801000003,461164.86263600003,5064901.791
14,0,3826627.1311,461225.34164299996,5064837.039
14,1,3826627.0891,461230.47364299995,5064836.607
14,2,3826631.2981,461219.98464299995,5064834.396
14,3,3826631.2561,461225.116643,5064833.963
14,4,3826631.2141,461230.24864299997,5064833.531
14,5,3826631.1711,461235.37964299996,5064833.100000001
14,6,3826635.4641,461214.628644,5064831.752
14,7,3826635.4221,461219.76064399997,5064831.32
14,8,3826635.3800999997,461224.89164399996,5064830.888
14,9,3826635.3370999997,461230.02264399995,5064830.456
14,10,3826635.2950999998,461235.154644,5064830.024
14,11,3826635.25309,461240.286644,5064829.592
14,12,3826639.5891,461214.40364399995,5064828.676
14,13,3826639.5471,461219.535644,5064828.244
14,14,3826639.5050999997,461224.666644,5064827.812
14,15,3826639.4620999997,461229.79864399997,5064827.38
14,16,3826639.4200999998,461234.92964399996,5064826.948
14,17,3826639.3781,461240.06164399994,5064826.516
14,18,3826643.6721,461219.30964399996,5064825.1680000005
14,19,3826643.6291,461224.44164399995,5064824.737
14,20,3826643.5870999997,461229.573644,5064824.305
14,21,3826643.5450999998,461234.705644,5064823.872
14,22,3826647.7541,461224.216645,5064821.661
14,23,3826647.7120999997,461229.34864499996,5064821.229
15,24,3826638.67109,461352.237644,5064816.908
15,25,3826638.62909,461357.368644,5064816.475000001
15,26,3826642.83709,461346.88064399996,5064814.264
15,27,3826642.7950899997,461352.01164399995,5064813.832
15,28,3826642.75309,461357.143644,5064813.4
15,29,3826642.7100899997,461362.275644,5064812.968
15,30,3826647.00409,461341.524645,5064811.621
15,31,3826646.96209,461346.655645,5064811.188
15,32,3826646.9200899997,461351.786645,5064810.756
15,33,3826646.87709,461356.91864499997,5064810.325
15,34,3826646.8350899997,461362.05064499995,5064809.892
15,35,3826646.7930799997,461367.182645,5064809.46
15,36,3826651.12909,461341.298645,5064808.545
15,37,3826651.08709,461346.43064499996,5064808.113
15,38,3826651.0450899997,461351.562645,5064807.68
15,39,3826651.00209,461356.694645,5064807.249
15,40,3826650.9600899997,461361.825645,5064806.817
15,41,3826650.91809,461366.95664499997,5064806.384000001
15,42,3826655.21209,461346.205645,5064805.0370000005
15,43,3826655.16909,461351.33764499996,5064804.605
15,44,3826655.12709,461356.46964499995,5064804.173
15,45,3826655.08409,461361.600645,5064803.741
15,46,3826659.29309,461351.11164599995,5064801.53
15,47,3826659.25109,461356.243646,5064801.097
16,0,3826310.24611,460864.042617,5065107.671
16,1,3826313.18311,460867.44561700005,5065105.159
16,2,3826310.2041100003,460856.791617,5065108.358
16,3,3826313.14111,460860.194617,5065105.845000001
16,4,3826316.08011,460863.597617,5065103.332
16,5,3826319.01711,460866.999617,5065100.82
16,6,3826310.16211,460849.540617,5065109.045
16,7,3826313.10011,460852.944617,5065106.532000001
16,8,3826316.03711,460856.346617,5065104.0200000005
16,9,3826318.97511,460859.749617,5065101.507
16,10,3826321.91211,460863.152618,5065098.994
16,11,3826324.85011,460866.55561800004,5065096.481000001
16,12,3826313.05711,460845.692617,5065107.2190000005
16,13,3826315.99511,460849.095617,5065104.706
16,14,3826318.93311,460852.498617,5065102.194
16,15,3826321.87111,460855.901618,5065099.681000001
16,16,3826324.80811,460859.304618,5065097.169000001
16,17,3826327.74611,460862.70861800003,5065094.656
16,18,3826318.89111,460845.248617,5065102.881
16,19,3826321.82811,460848.651618,5065100.368000001
16,20,3826324.76611,460852.054618,5065097.855
16,21,3826327.70311,460855.45761800004,5065095.343
16,22,3826324.7241100003,460844.803618,5065098.542
16,23,3826327.66211,460848.205618,5065096.03
17,24,3826393.39512,460782.18462400005,5065052.657000001
17,25,3826396.33212,460785.58762400004,5065050.1450000005
17,26,3826393.35312,460774.933624,5065053.3440000005
17,27,3826396.29012,460778.33662400005,5065050.831
17,28,3826399.22812,460781.73962400004,5065048.318
17,29,3826402.16612,460785.14262400003,5065045.806000001
17,30,3826393.31012,460767.682624,5065054.031
17,31,3826396.24812,460771.08662400005,5065051.518
17,32,3826399.18612,460774.48962400004,5065049.006
17,33,3826402.1241200003,460777.89262400003,5065046.493000001
17,34,3826405.06112,460781.295625,5065043.98
17,36,3826396.20612,460763.835624,5065052.205
17,37,3826399.1441200003,460767.23862400005,5065049.692000001
17,38,3826402.08112,460770.64162400004,5065047.180000001
17,39,3826405.0191200003,460774.04362500005,5065044.667
17,40,3826407.95712,460777.44662500004,5065042.155
17,41,3826410.89512,460780.850625,5065039.642
17,42,3826402.03912,460763.39162400004,5065047.867000001
17,43,3826404.97712,460766.79362500005,5065045.354
17,44,3826407.91512,460770.19662500004,5065042.841
17,45,3826410.85212,460773.59962500003,5065040.329
17,46,3826407.87312,460762.945625,5065043.528
17,47,3826410.81012,460766.34862500004,5065041.016000001
18,2,3826396.66706,461505.10362300003,5064984.6219999995
18,3,3826398.69206,461509.434624,5064982.711
18,4,3826400.71806,461513.76662400004,5064980.799
18,5,3826402.74406,461518.097624,5064978.886
18,6,3826398.2340599997,461498.01162400004,5064984.087
18,7,3826400.26006,461502.342624,5064982.175
18,8,3826402.28606,461506.673624,5064980.263
18,10,3826406.33706,461515.33762400004,5064976.439
18,11,3826408.36306,461519.66962400003,5064974.527
18,12,3826401.8270599996,461495.25062400004,5064981.64
18,13,3826403.8530599996,461499.581624,5064979.728
18,14,3826405.8790599997,461503.91362400004,5064977.8149999995
18,15,3826407.9040599996,461508.24562400003,5064975.904
18,16,3826409.9300599997,461512.576625,5064973.992
18,17,3826411.9560599998,461516.90862500004,5064972.079
18,18,3826407.44606,461496.82162400003,5064977.28
18,19,3826409.4720599996,461501.152625,5064975.368
18,20,3826411.4980599997,461505.484625,5064973.456
18,21,3826413.5230599996,461509.815625,5064971.544
18,22,3826413.06506,461498.391625,5064972.921
18,23,3826415.0910599995,461502.723625,5064971.008
19,24,3826489.78706,461557.23363100004,5064910.013
19,25,3826491.8130599996,461561.56563100003,5064908.101
19,26,3826491.35506,461550.14163100003,5064909.478
19,27,3826493.38006,461554.472632,5064907.566
19,28,3826495.40606,461558.804632,5064905.654
19,29,3826497.4320599996,461563.135632,5064903.741
19,30,3826492.92206,461543.048632,5064908.942
19,31,3826494.94806,461547.380632,5064907.03
19,32,3826496.97406,461551.711632,5064905.118
19,33,3826498.99906,461556.043632,5064903.206
19,34,3826501.02506,461560.37563200004,5064901.294
19,36,3826496.5150599997,461540.287632,5064906.495
19,37,3826498.5410599997,461544.619632,5064904.583
19,38,3826500.56706,461548.95163200004,5064902.671
19,39,3826502.5920599997,461553.28363200004,5064900.759
19,40,3826504.61806,461557.614633,5064898.847
19,41,3826506.64406,461561.946633,5064896.934
19,42,3826502.1340599996,461541.85963200004,5064902.135
19,43,3826504.1600599997,461546.190632,5064900.223
19,44,3826506.1850599996,461550.522633,5064898.311
19,45,3826508.2110599997,461554.853633,5064896.399
19,46,3826507.75206,461543.429633,5064897.776
19,47,3826509.77806,461547.761633,5064895.864
20,0,3826456.47915,460543.299629,5065026.9629999995
20,1,3826460.03015,460545.670629,5065024.083
20,2,3826455.02815,460536.372629,5065028.678
20,3,3826458.57815,460538.742629,5065025.799
20,4,3826462.12915,460541.11363,5065022.919
20,6,3826453.57615,460529.443629,5065030.395
20,7,3826457.12615,460531.815629,5065027.515
20,8,3826460.67715,460534.186629,5065024.635
20,9,3826464.22815,460536.55763,5065021.756
20,10,3826467.77915,460538.92763,5065018.876
20,11,3826471.33015,460541.29963,5065015.996
20,13,3826459.22515,460527.258629,5065026.351
20,15,3826466.3271500003,460532.00063,5065020.592
20,16,3826469.8781500002,460534.37163,5065017.7129999995
20,17,3826473.42815,460536.74263,5065014.833
20,18,3826461.3241500002,460522.702629,5065025.188
20,19,3826464.87515,460525.07263,5065022.308
20,20,3826468.42615,460527.44363,5065019.429
20,21,3826471.97615,460529.81463,5065016.549
20,22,3826466.97415,460520.51663,5065021.144
20,23,3826470.52515,460522.88763,5065018.265
21,24,3826361.79014,460498.262621,5065102.107989999
21,25,3826365.34114,460500.633621,5065099.22899
21,26,3826360.33915,460491.335621,5065103.8239899995
21,27,3826363.89015,460493.70562100003,5065100.94399
21,28,3826367.44115,460496.076622,5065098.06499
21,29,3826370.99215,460498.447622,5065095.18499
21,30,3826358.88715,460484.40662100003,5065105.5399899995
21,31,3826362.43815,460486.778621,5065102.65999
21,33,3826369.53915,460491.520622,5065096.90099
21,34,3826373.09015,460493.890622,5065094.02099
21,35,3826376.64115,460496.262622,5065091.14199
21,36,3826360.9861500002,460479.850621,5065104.37699
21,37,3826364.53615,460482.22162100003,5065101.49699
21,39,3826371.63815,460486.963622,5065095.73799
21,40,3826375.18915,460489.334622,5065092.857989999
21,41,3826378.74015,460491.705623,5065089.97799
21,42,3826366.63515,460477.665621,5065100.33299
21,43,3826370.18615,460480.035622,5065097.45399
21,44,3826373.73715,460482.406622,5065094.5739899995
21,45,3826377.28815,460484.777622,5065091.69399
21,46,3826372.28615,460475.479622,5065096.2899899995
21,47,3826375.83715,460477.850622,5065093.40999
22,0,3827207.67711,461404.628692,5064386.61701
22,1,3827208.4931099997,461409.60069199995,5064385.555009999
22,2,3827210.90411,461398.368692,5064384.76101
22,3,3827211.7201099996,461403.341692,5064383.69901
22,4,3827212.53711,461408.314692,5064382.63601
22,5,3827213.35211,461413.286692,5064381.57401
22,7,3827214.94711,461397.082693,5064381.84201
22,8,3827215.76411,461402.054693,5064380.78001
22,9,3827216.57911,461407.026693,5064379.71801
22,10,3827217.39511,461412.000693,5064378.65601
22,11,3827218.2121099997,461416.972693,5064377.59401
22,12,3827218.17411,461390.82269299997,5064379.98601
22,13,3827218.99111,461395.794693,5064378.92301
22,14,3827219.80611,461400.767693,5064377.86101
22,15,3827220.62211,461405.74069299997,5064376.800009999
22,16,3827221.4391099997,461410.712693,5064375.737009999
22,17,3827222.25511,461415.685693,5064374.675009999
22,18,3827223.03411,461394.50769299996,5064376.0050099995
22,19,3827223.84911,461399.48069299996,5064374.94301
22,20,3827224.6661099996,461404.45369299996,5064373.88101
22,21,3827225.4821099997,461409.42569299997,5064372.81901
22,22,3827227.89311,461398.19369399996,5064372.02401
22,23,3827228.7091099997,461403.16669399996,5064370.96201
23,24,3827112.98811,461359.591684,5064461.762999999
23,25,3827113.80411,461364.563684,5064460.700999999
23,26,3827116.2151099998,461353.331684,5064459.9059999995
23,28,3827117.8481099997,461363.277684,5064457.782
23,29,3827118.66411,461368.249684,5064456.72
23,30,3827119.44311,461347.071685,5064458.05
23,32,3827121.0751099996,461357.01768499997,5064455.925
23,33,3827121.8911099997,461361.989685,5064454.863
23,34,3827122.70711,461366.96368499997,5064453.802
23,35,3827123.52311,461371.935685,5064452.739
23,36,3827123.48511,461345.78568499995,5064455.131
23,37,3827124.30211,461350.75768499996,5064454.069
23,39,3827125.93411,461360.70368499996,5064451.944999999
23,40,3827126.7511099996,461365.67568499997,5064450.882999999
23,41,3827127.56611,461370.64868499996,5064449.8209999995
23,42,3827128.3451099996,461349.47068499995,5064451.149999999
23,43,3827129.1611099998,461354.44368499995,5064450.089
23,44,3827129.97711,461359.416685,5064449.026
23,45,3827130.79311,461364.38868499995,5064447.964
23,46,3827133.20511,461353.156686,5064447.17
23,47,3827134.02011,461358.129686,5064446.108
24,0,3826409.13004,461813.008624,5064947.379000001
24,1,3826411.8580400003,461816.670625,5064945.0
24,2,3826409.49504,461805.74362400005,5064947.762
24,3,3826412.22304,461809.40762500005,5064945.383
24,4,3826414.95104,461813.069625,5064943.004000001
24,5,3826417.68004,461816.732625,5064940.625
24,6,3826409.85904,461798.480624,5064948.1450000005
24,7,3826412.5880400003,461802.14262500004,5064945.766
24,8,3826415.31604,461805.80562500004,5064943.387
24,9,3826418.04404,461809.469625,5064941.008
24,10,3826420.77404,461813.13162500004,5064938.6280000005
24,11,3826423.50204,461816.79462600005,5064936.249
24,12,3826412.95304,461794.879625,5064946.148
24,13,3826415.68104,461798.541625,5064943.769
24,14,3826418.41004,461802.204625,5064941.390000001
24,15,3826421.13804,461805.868625,5064939.011
24,16,3826423.8670400004,461809.530626,5064936.632
24,17,3826426.59504,461813.193626,5064934.2530000005
24,18,3826418.77504,461794.94162500004,5064941.772
24,19,3826421.5030400003,461798.60362500005,5064939.393
24,20,3826424.23204,461802.266626,5064937.014
24,21,3826426.9600400003,461805.93062600004,5064934.635
24,22,3826424.59604,461795.00262600003,5064937.397
24,23,3826427.32504,461798.66562600003,5064935.018
25,24,3826325.9810300004,461894.866617,5065002.392990001
25,25,3826328.70903,461898.529617,5065000.01399
25,26,3826326.34603,461887.602617,5065002.77599
25,27,3826329.0740300003,461891.265618,5065000.39699
25,28,3826331.8020300004,461894.928618,5064998.017990001
25,29,3826334.53103,461898.591618,5064995.63899
25,30,3826326.7110300004,461880.33861700003,5065003.15899
25,31,3826329.43903,461884.00161800004,5065000.779990001
25,32,3826332.16703,461887.66361800005,5064998.40099
25,33,3826334.89603,461891.32761800004,5064996.02199
25,34,3826337.62503,461894.99061800004,5064993.64199
25,35,3826340.3530300003,461898.65261800005,5064991.262990001
25,36,3826329.80403,461876.737618,5065001.16199
25,37,3826332.5320300004,461880.400618,5064998.78299
25,38,3826335.26103,461884.063618,5064996.4039900005
25,39,3826337.99003,461887.726618,5064994.02499
25,40,3826340.71803,461891.389619,5064991.64599
25,41,3826343.44603,461895.052619,5064989.26699
25,42,3826335.6260300004,461876.79961800005,5064996.785990001
25,43,3826338.35503,461880.46261800005,5064994.40699
25,44,3826341.0830300003,461884.124619,5064992.02799
25,45,3826343.81103,461887.788619,5064989.648990001
25,46,3826341.44803,461876.86161900003,5064992.410990001
25,47,3826344.17603,461880.52461900003,5064990.03199
26,0,3825565.5830400004,461334.214553,5065623.839
26,1,3825568.97804,461336.898554,5065621.0479999995
26,3,3825567.92404,461329.834554,5065622.478
26,4,3825571.31904,461332.517554,5065619.686
26,5,3825574.71504,461335.201554,5065616.893999999
26,6,3825563.47304,461320.088553,5065626.699
26,7,3825566.8690400003,461322.77155400004,5065623.907
26,8,3825570.26504,461325.45555400004,5065621.115999999
26,10,3825577.05604,461330.821554,5065615.533
26,12,3825565.8150400002,461315.708553,5065625.336999999
26,13,3825569.21104,461318.39155400003,5065622.545
26,14,3825572.60604,461321.07455400005,5065619.754
26,17,3825582.79404,461329.12455500005,5065611.38
26,18,3825571.55204,461314.01055400004,5065621.183999999
26,19,3825574.94804,461316.69455400005,5065618.392999999
26,20,3825578.3440400003,461319.377555,5065615.601
26,21,3825581.74004,461322.06055500003,5065612.808999999
26,22,3825577.2900400003,461312.31455400004,5065617.0309999995
26,23,3825580.6850400004,461314.997555,5065614.239999999
27,24,3825648.73105,461252.35756100004,5065568.82501
27,25,3825652.12605,461255.040561,5065566.03401
27,26,3825647.6760500004,461245.29456,5065570.2550099995
27,27,3825651.07205,461247.97656100005,5065567.464009999
27,29,3825657.86405,461253.343561,5065561.8800099995
27,30,3825646.6220500004,461238.23056,5065571.685009999
27,31,3825650.01805,461240.914561,5065568.89301
27,32,3825653.4140500003,461243.59756100003,5065566.10201
27,34,3825660.20505,461248.963561,5065560.51901
27,35,3825663.60105,461251.64556200005,5065557.72801
27,36,3825648.96405,461233.85156100005,5065570.3230099995
27,37,3825652.3600500003,461236.533561,5065567.53101
27,38,3825655.7550500003,461239.217561,5065564.74001
27,39,3825659.15105,461241.899561,5065561.94901
27,40,3825662.54705,461244.583562,5065559.157009999
27,41,3825665.9430500004,461247.26656200003,5065556.36601
27,42,3825654.7010500003,461232.153561,5065566.17001
27,43,3825658.09705,461234.83656100003,5065563.379009999
27,44,3825661.49305,461237.52056200005,5065560.58701
27,45,3825664.8890500003,461240.202562,5065557.79501
27,46,3825660.43905,461230.45656200004,5065562.01701
27,47,3825663.83405,461233.139562,5065559.226009999
28,0,3826031.1661400003,460325.917593,5065365.199
28,1,3826032.53714,460330.662593,5065363.741
28,2,3826033.68615,460319.205593,5065363.914
28,3,3826035.05615,460323.950594,5065362.456
28,4,3826036.4271400003,460328.696594,5065360.998000001
28,5,3826037.79814,460333.441594,5065359.54
28,6,3826036.2051500003,460312.494594,5065362.63
28,7,3826037.57615,460317.239594,5065361.172
28,8,3826038.9471500004,460321.984594,5065359.714000001
28,9,3826040.31715,460326.729594,5065358.256
28,10,3826041.68814,460331.47559399996,5065356.798
28,11,3826043.06014,460336.220594,5065355.34
28,12,3826040.09515,460310.527594,5065359.887
28,13,3826041.46615,460315.272594,5065358.4290000005
28,14,3826042.83715,460320.01859399996,5065356.971
28,15,3826044.2081500003,460324.76359399996,5065355.514
28,16,3826045.57915,460329.508594,5065354.056
28,17,3826046.9501400003,460334.25359499996,5065352.59801
28,18,3826045.3561500004,460313.30659399997,5065355.68701
28,19,3826046.72715,460318.05159499997,5065354.22901
28,20,3826048.09915,460322.79659499996,5065352.77101
28,21,3826049.4691500003,460327.54159499996,5065351.313010001
28,22,3826050.61815,460316.08459499996,5065351.48701
28,23,3826051.9891500003,460320.82959499996,5065350.029010001
29,24,3825948.01713,460407.776586,5065420.213
29,26,3825950.53713,460401.064586,5065418.928
29,28,3825953.27813,460410.554587,5065416.012
29,29,3825954.65013,460415.299587,5065414.5540000005
29,30,3825953.05614,460394.352587,5065417.644
29,31,3825954.4271400003,460399.097587,5065416.186000001
29,33,3825957.1691300003,460408.587587,5065413.2700000005
29,35,3825959.9111300004,460418.07858699997,5065410.354
29,36,3825956.94614,460392.385587,5065414.901000001
29,37,3825958.31714,460397.130587,5065413.443
29,40,3825962.43013,460411.36758699996,5065409.07
29,41,3825963.80113,460416.11258799996,5065407.612000001
29,42,3825962.20714,460395.16558699997,5065410.701
29,43,3825963.57914,460399.91058799997,5065409.243000001
29,45,3825966.3201300004,460409.40058799996,5065406.3270000005
29,46,3825967.46914,460397.94358799997,5065406.501
29,47,3825968.84014,460402.68858799996,5065405.0430000005
30,0,3826372.83816,460283.215622,5065113.15599
30,1,3826374.60816,460287.72862199997,5065111.41899
30,2,3826374.79316,460276.249622,5065112.31799
30,3,3826376.56416,460280.763622,5065110.58099
30,4,3826378.33416,460285.277623,5065108.84399
30,5,3826380.10316,460289.79062299995,5065107.10799
30,6,3826376.7491599997,460269.28462199995,5065111.47899
30,7,3826378.5191599997,460273.798623,5065109.74299
30,8,3826380.2891599997,460278.31162299996,5065108.006
30,9,3826382.0591599997,460282.825623,5065106.27
30,10,3826383.8291599997,460287.33862299996,5065104.533
30,11,3826385.5991599998,460291.852623,5065102.796
30,12,3826380.47517,460266.83262299997,5065108.904
30,13,3826382.24516,460271.346623,5065107.168
30,14,3826384.01516,460275.85962299997,5065105.431
30,16,3826387.55516,460284.88662299997,5065101.958
30,17,3826389.32516,460289.400624,5065100.221
30,19,3826387.74016,460273.407623,5065102.856
30,20,3826389.51016,460277.92162399995,5065101.12
30,21,3826391.28116,460282.435624,5065099.383
30,22,3826391.46617,460270.956624,5065100.2809999995
30,23,3826393.23716,460275.46962399996,5065098.544
31,24,3826467.5251599997,460328.25363,5065038.011
31,25,3826469.2951599997,460332.76662999997,5065036.275
31,26,3826469.48116,460321.28763,5065037.1729999995
31,27,3826471.25116,460325.80163,5065035.436
31,28,3826473.02116,460330.315631,5065033.699
31,29,3826474.79116,460334.82863099995,5065031.9629999995
31,30,3826471.43717,460314.32262999995,5065036.334
31,31,3826473.20616,460318.836631,5065034.598
31,32,3826474.97716,460323.34963099996,5065032.861
31,34,3826478.51716,460332.37663099996,5065029.388
31,35,3826480.28716,460336.890631,5065027.651
31,36,3826475.16217,460311.87063099997,5065033.76
31,37,3826476.93217,460316.384631,5065032.023
31,38,3826478.70316,460320.89763099997,5065030.286
31,40,3826482.24316,460329.924631,5065026.813
31,41,3826484.01216,460334.438631,5065025.077
31,42,3826480.6581699997,460313.932631,5065029.448
31,43,3826482.4281699997,460318.445631,5065027.712
31,44,3826484.1981699998,460322.959631,5065025.975
31,45,3826485.9681599997,460327.473632,5065024.238
31,47,3826487.92417,460320.50763199996,5065023.4
32,0,3826859.02017,460463.612663,5064732.88499
32,1,3826862.92917,460464.98466300004,5064729.82599
32,2,3826856.4251699997,460457.290663,5064735.402989999
32,3,3826860.33517,460458.661663,5064732.34499
32,4,3826864.24417,460460.034663,5064729.28599
32,6,3826853.83017,460450.96866300004,5064737.92299
32,7,3826857.7401699997,460452.340663,5064734.8639899995
32,8,3826861.65017,460453.71266300004,5064731.80499
32,9,3826865.55917,460455.084664,5064728.74699
32,10,3826869.46917,460456.455664,5064725.68799
32,11,3826873.37817,460457.82866400003,5064722.62999
32,12,3826855.14517,460446.018663,5064737.38299
32,13,3826859.0551699996,460447.390663,5064734.3239899995
32,14,3826862.9641699996,460448.76266300003,5064731.26599
32,15,3826866.8741699997,460450.133664,5064728.20699
32,16,3826870.78417,460451.50666400004,5064725.1479899995
32,17,3826874.6941699996,460452.877664,5064722.08999
32,18,3826860.37017,460442.44066300004,5064733.78499
32,19,3826864.2801699997,460443.812663,5064730.72599
32,21,3826872.0981699997,460446.55666400003,5064724.60899
32,22,3826865.59417,460438.861664,5064730.186989999
32,23,3826869.5041699996,460440.23466400005,5064727.12799
33,24,3826942.1681799996,460381.75467,5064677.871
33,25,3826946.0781799997,460383.12767,5064674.812
33,26,3826939.57418,460375.43267,5064680.3889999995
33,27,3826943.4841799997,460376.80467000004,5064677.331
33,29,3826951.30318,460379.548671,5064671.214
33,30,3826936.97918,460369.11067,5064682.909
33,32,3826944.79818,460371.85567,5064676.791
33,34,3826952.6171799996,460374.59867100004,5064670.674
33,35,3826956.5271799997,460375.970671,5064667.615999999
33,36,3826938.2941799997,460364.16067,5064682.369
33,37,3826942.20418,460365.53367000003,5064679.31
33,39,3826950.02318,460368.276671,5064673.193
33,40,3826953.93218,460369.64867100003,5064670.134
33,41,3826957.8421799997,460371.020671,5064667.075999999
33,42,3826943.5181799997,460360.58267000003,5064678.771
33,43,3826947.42818,460361.954671,5064675.712
33,44,3826951.33718,460363.32667100005,5064672.654
33,45,3826955.24718,460364.698671,5064669.595
33,46,3826948.7431799998,460357.004671,5064675.1729999995
33,47,3826952.65318,460358.37667100003,5064672.114
34,0,3825889.5090199998,461697.842581,5065347.135
34,1,3825889.75402,461702.946581,5065346.489
34,2,3825893.3810199997,461692.156581,5065344.742
34,3,3825893.62602,461697.259581,5065344.097
34,4,3825893.87102,461702.363581,5065343.451
34,5,3825894.11702,461707.466581,5065342.805
34,6,3825897.25203,461686.471581,5065342.35
34,7,3825897.49802,461691.574581,5065341.704
34,8,3825897.74402,461696.678581,5065341.058
34,9,3825897.9890199997,461701.781581,5065340.413
34,10,3825898.23402,461706.885581,5065339.768
34,11,3825898.48002,461711.988581,5065339.122
34,12,3825901.37003,461685.888582,5065339.312
34,13,3825901.61602,461690.991582,5065338.666
34,14,3825901.8610199997,461696.09558200004,5065338.021
34,15,3825902.10602,461701.198582,5065337.375
34,17,3825902.59802,461711.40558200004,5065336.084
34,18,3825905.73303,461690.409582,5065335.6280000005
34,19,3825905.97902,461695.512582,5065334.982
34,20,3825906.22402,461700.616582,5065334.337
34,23,3825910.3410199997,461700.034582,5065331.299
35,24,3825794.82002,461652.805573,5065422.27999
35,25,3825795.06602,461657.909573,5065421.63399
35,26,3825798.69202,461647.119573,5065419.8869900005
35,27,3825798.93702,461652.222573,5065419.24199
35,28,3825799.18302,461657.326573,5065418.59699
35,29,3825799.42902,461662.429573,5065417.95099
35,30,3825802.56302,461641.434573,5065417.4949900005
35,31,3825802.80902,461646.537573,5065416.84999
35,32,3825803.05502,461651.641573,5065416.20399
35,33,3825803.30102,461656.744573,5065415.55799
35,34,3825803.54602,461661.848573,5065414.91299
35,35,3825803.79102,461666.951573,5065414.26699
35,36,3825806.68102,461640.85157400003,5065414.45699
35,37,3825806.92702,461645.95457400003,5065413.81099
35,38,3825807.17202,461651.058574,5065413.16599
35,39,3825807.4180199997,461656.161574,5065412.51999
35,40,3825807.66402,461661.265574,5065411.87499
35,41,3825807.90902,461666.368574,5065411.22899
35,42,3825811.04402,461645.37257400004,5065410.77399
35,43,3825811.2900199997,461650.47557400004,5065410.12799
35,44,3825811.53602,461655.57957400003,5065409.48199
35,45,3825811.78102,461660.68257400003,5065408.83699
35,46,3825815.40702,461649.893574,5065407.08999
35,47,3825815.65302,461654.99757400004,5065406.44399
36,0,3826321.5829499997,462755.728616,5064927.43401
36,1,3826321.10995,462760.855616,5064927.325010001
36,2,3826326.1539499997,462750.913617,5064924.438010001
36,3,3826325.68095,462756.041617,5064924.330010001
36,4,3826325.2079499997,462761.168617,5064924.22101
36,5,3826324.73395,462766.295617,5064924.11301
36,6,3826330.72396,462746.100617,5064921.44201
36,7,3826330.25096,462751.227617,5064921.33401
36,8,3826329.77795,462756.353617,5064921.22601
36,9,3826329.30495,462761.480617,5064921.11801
36,10,3826328.83195,462766.607617,5064921.00901
36,11,3826328.35895,462771.73561699997,5064920.90101
36,12,3826334.82196,462746.412618,5064918.33801
36,13,3826334.34896,462751.539617,5064918.23001
36,14,3826333.87595,462756.666617,5064918.12201
36,15,3826333.40195,462761.794617,5064918.01401
36,17,3826332.45595,462772.047617,5064917.79701
36,18,3826338.44696,462751.852618,5064915.126010001
36,20,3826337.49995,462762.106618,5064914.910010001
36,21,3826337.02695,462767.233618,5064914.8010100005
36,22,3826342.0709599997,462757.291618,5064911.91401
36,23,3826341.59795,462762.418618,5064911.80601
37,24,3826238.43394,462837.587609,5064982.448000001
37,25,3826237.96094,462842.714609,5064982.339000001
37,26,3826243.00494,462832.77261,5064979.4520000005
37,27,3826242.53194,462837.89961,5064979.3440000005
37,28,3826242.05894,462843.02661,5064979.235
37,29,3826241.58494,462848.15460999997,5064979.1280000005
37,30,3826247.57495,462827.95861,5064976.456
37,31,3826247.10194,462833.08561,5064976.348
37,32,3826246.62994,462838.21261,5064976.24
37,33,3826246.15594,462843.33961,5064976.132
37,34,3826245.6829399997,462848.46661,5064976.023
37,35,3826245.20994,462853.59361,5064975.915
37,36,3826251.67295,462828.27161,5064973.352
37,37,3826251.1999399997,462833.39861,5064973.244
37,38,3826250.72694,462838.52561,5064973.136
37,39,3826250.25294,462843.65261,5064973.028
37,40,3826249.78094,462848.77861,5064972.919000001
37,41,3826249.3079399997,462853.90661,5064972.811000001
37,42,3826255.29794,462833.710611,5064970.140000001
37,43,3826254.82394,462838.837611,5064970.032000001
37,44,3826254.35094,462843.965611,5064969.924000001
37,45,3826253.87794,462849.092611,5064969.815
37,46,3826258.92194,462839.150611,5064966.928
37,47,3826258.44894,462844.277611,5064966.82
38,0,3826669.53804,461860.818646,5064748.19
38,1,3826671.8090399997,461864.947646,5064746.1110000005
38,2,3826670.7090499997,461853.634646,5064747.96
38,3,3826672.98104,461857.76264699997,5064745.881
38,4,3826675.2520399997,461861.891647,5064743.803
38,5,3826677.52304,461866.020647,5064741.725000001
38,6,3826671.88105,461846.449646,5064747.73
38,8,3826676.42405,461854.706647,5064743.573000001
38,9,3826678.6950499997,461858.835647,5064741.495
38,10,3826680.96604,461862.96364699997,5064739.417
38,11,3826683.2380399997,461867.092647,5064737.339000001
38,12,3826675.3250499996,461843.39364699996,5064745.421
38,13,3826677.59605,461847.521647,5064743.343
38,16,3826684.4100499996,461859.907648,5064737.109
38,17,3826686.68105,461864.036648,5064735.03
38,18,3826681.03905,461844.465647,5064741.035
38,19,3826683.31005,461848.59464699996,5064738.957
38,20,3826685.58205,461852.723648,5064736.879000001
38,21,3826687.85305,461856.851648,5064734.800000001
38,22,3826686.75305,461845.538648,5064736.648
39,24,3826681.07803,461987.714647,5064728.058
39,25,3826683.3490299997,461991.843647,5064725.98
39,26,3826682.2490399997,461980.529647,5064727.828000001
39,27,3826684.52103,461984.657647,5064725.75
39,28,3826686.7920299997,461988.787648,5064723.672
39,29,3826689.06303,461992.91564799997,5064721.5940000005
39,30,3826683.42104,461973.345647,5064727.598
39,32,3826687.96304,461981.601648,5064723.442000001
39,33,3826690.2350399997,461985.731648,5064721.364
39,34,3826692.50603,461989.859648,5064719.286
39,35,3826694.77703,461993.987648,5064717.208000001
39,36,3826686.86404,461970.289648,5064725.289000001
39,37,3826689.13604,461974.417648,5064723.211
39,38,3826691.40704,461978.54564799997,5064721.133
39,39,3826693.6780399997,461982.675648,5064719.055000001
39,40,3826695.95004,461986.803648,5064716.977
39,41,3826698.2210299997,461990.931649,5064714.899
39,42,3826692.5790399997,461971.36164799996,5064720.903000001
39,43,3826694.85004,461975.489648,5064718.825
39,44,3826697.1210399996,461979.619649,5064716.747
39,45,3826699.39304,461983.74764899997,5064714.669000001
39,46,3826698.29304,461972.433649,5064716.517
39,47,3826700.5640399996,461976.56264899997,5064714.439
40,0,3827434.23715,461059.473711,5064247.834000001
40,1,3827437.36915,461062.599711,5064245.201
40,2,3827433.78815,461052.27171099995,5064248.822000001
40,3,3827436.92015,461055.397711,5064246.188
40,4,3827440.05315,461058.523712,5064243.555000001
40,5,3827443.18515,461061.650712,5064240.921
40,6,3827433.33915,461045.06971099996,5064249.8100000005
40,7,3827436.47115,461048.19571099995,5064247.177
40,8,3827439.60415,461051.321712,5064244.542
40,9,3827442.73615,461054.447712,5064241.909
40,10,3827445.86915,461057.573712,5064239.275
40,11,3827449.00115,461060.699712,5064236.641000001
40,12,3827436.02315,461040.99371099996,5064248.164000001
40,13,3827439.15515,461044.120712,5064245.531
40,14,3827442.28815,461047.246712,5064242.896000001
40,15,3827445.42015,461050.372712,5064240.263
40,16,3827448.55315,461053.498712,5064237.629000001
40,17,3827451.68515,461056.62471299997,5064234.995
40,18,3827441.83815,461040.04371199996,5064243.885000001
40,19,3827444.97115,461043.169712,5064241.25
40,20,3827448.10315,461046.296712,5064238.617000001
40,21,3827451.23615,461049.422713,5064235.983
40,22,3827447.65515,461039.094712,5064239.605
41,24,3827422.69816,460932.57771,5064267.965000001
41,25,3827425.83016,460935.703711,5064265.332
41,26,3827422.24916,460925.37671,5064268.953000001
41,27,3827425.38116,460928.502711,5064266.319
41,28,3827428.51416,460931.62871099997,5064263.686000001
41,29,3827431.64616,460934.75471099996,5064261.051
41,30,3827421.80016,460918.17371,5064269.941000001
41,31,3827424.93216,460921.299711,5064267.307
41,32,3827428.0651599998,460924.426711,5064264.673
41,33,3827431.19716,460927.55271099997,5064262.04
41,35,3827437.46216,460933.80471199995,5064256.772
41,36,3827424.48416,460914.09871,5064268.295
41,37,3827427.61616,460917.224711,5064265.661
41,39,3827433.88116,460923.47671099997,5064260.394
41,40,3827437.01416,460926.60371199995,5064257.760000001
41,41,3827440.14616,460929.729712,5064255.126
41,42,3827430.29916,460913.148711,5064264.015000001
41,43,3827433.43216,460916.274711,5064261.381
41,44,3827436.56416,460919.40071099997,5064258.748000001
41,45,3827439.69716,460922.52671199996,5064256.114
41,46,3827436.11616,460912.19971099996,5064259.735
41,47,3827439.24816,460915.32571199996,5064257.102
42,0,3827963.94928,459735.407757,5063981.65
42,1,3827966.56928,459739.194757,5063979.341
42,2,3827964.51728,459728.15075699997,5063981.879
42,3,3827967.1362799997,459731.936757,5063979.571
42,4,3827969.75528,459735.723757,5063977.263
42,5,3827972.37428,459739.509757,5063974.956
42,6,3827965.0852799998,459720.893757,5063982.108
42,7,3827967.70328,459724.679757,5063979.8
42,8,3827970.32228,459728.466757,5063977.493
42,9,3827972.94228,459732.252757,5063975.185
42,10,3827975.56128,459736.039758,5063972.877
42,11,3827978.18028,459739.825758,5063970.57
42,12,3827968.27128,459717.421757,5063980.03
42,13,3827970.89028,459721.208757,5063977.722
42,14,3827973.50928,459724.994758,5063975.415
42,15,3827976.12928,459728.78175799997,5063973.106
42,16,3827978.74828,459732.567758,5063970.799
42,17,3827981.36728,459736.354758,5063968.491
42,18,3827974.07728,459717.737758,5063975.644
42,19,3827976.69628,459721.523758,5063973.336
42,20,3827979.31628,459725.310758,5063971.028
42,21,3827981.93528,459729.09675799997,5063968.721
42,22,3827979.88328,459718.05375799997,5063971.258
42,23,3827982.50328,459721.839758,5063968.95
43,24,3827880.80027,459817.26675,5064036.663
43,25,3827883.42027,459821.05275,5064034.355
43,26,3827881.36827,459810.00875,5064036.892
43,27,3827883.98727,459813.79575,5064034.585
43,28,3827886.60627,459817.58175,5064032.277
43,29,3827889.22527,459821.36874999997,5064029.969
43,30,3827881.93527,459802.75175,5064037.122
43,31,3827884.5542699997,459806.53875,5064034.814
43,32,3827887.17327,459810.32474999997,5064032.507
43,33,3827889.79327,459814.11175,5064030.198
43,35,3827895.03127,459821.68475099996,5064025.583
43,36,3827885.12227,459799.28075,5064035.043
43,37,3827887.74127,459803.06675,5064032.736
43,38,3827890.36027,459806.85275,5064030.428
43,39,3827892.98027,459810.639751,5064028.12
43,40,3827895.59927,459814.426751,5064025.813
43,41,3827898.21827,459818.212751,5064023.505
43,42,3827890.92827,459799.595751,5064030.657
43,43,3827893.54727,459803.382751,5064028.35
43,44,3827896.16727,459807.168751,5064026.042
43,45,3827898.78627,459810.955751,5064023.734
43,46,3827896.73427,459799.911751,5064026.272
43,47,3827899.35427,459803.698751,5064023.963
44,0,3826789.29319,460169.645657,5064812.806
44,1,3826792.98219,460171.69365800003,5064809.852
44,2,3826787.45119,460162.88765700004,5064814.799000001
44,3,3826791.14019,460164.934657,5064811.845000001
44,4,3826794.82819,460166.982658,5064808.891
44,5,3826798.51719,460169.02965800004,5064805.938
44,6,3826785.60819,460156.128657,5064816.7930000005
44,7,3826789.29719,460158.17665700003,5064813.839000001
44,8,3826792.98519,460160.223658,5064810.886
44,9,3826796.67419,460162.271658,5064807.932
44,10,3826800.36319,460164.31865800003,5064804.978
44,11,3826804.05119,460166.36665900005,5064802.024
44,12,3826787.45519,460151.417657,5064815.833000001
44,13,3826791.1431899997,460153.465657,5064812.879000001
44,14,3826794.83219,460155.51265800005,5064809.925
44,15,3826798.52019,460157.560658,5064806.972
44,16,3826802.20919,460159.607658,5064804.018
44,18,3826792.98919,460148.754658,5064811.92
44,19,3826796.67819,460150.80165800004,5064808.966
44,20,3826800.36619,460152.84965800005,5064806.012
44,21,3826804.0551899998,460154.896659,5064803.058
44,22,3826798.52419,460146.09065800003,5064808.005
44,23,3826802.21319,460148.13865800004,5064805.052
45,24,3826777.7542,460042.749656,5064832.936000001
45,25,3826781.4432,460044.797657,5064829.983
45,27,3826779.6012,460038.03965700004,5064831.976000001
45,29,3826786.9782,460042.133657,5064826.069
45,30,3826774.0692,460029.233656,5064836.924000001
45,31,3826777.7582,460031.281656,5064833.970000001
45,32,3826781.4462,460033.32865700003,5064831.017
45,34,3826788.8242,460037.422657,5064825.109
45,36,3826775.9162,460024.52265600004,5064835.964000001
45,37,3826779.6042,460026.570657,5064833.010000001
45,38,3826783.2932,460028.617657,5064830.056
45,40,3826790.6702,460032.711658,5064824.149
45,43,3826785.1392,460023.906657,5064829.097
45,44,3826788.8272,460025.95365700003,5064826.143
45,45,3826792.5162,460028.000658,5064823.189
45,46,3826786.9852,460019.195657,5064828.136
45,47,3826790.6742,460021.243658,5064825.183
46,1,3825568.9531,460660.68655399996,5065681.74799
46,2,3825561.6011,460654.254553,5065687.84699
46,3,3825565.6561000003,460654.923554,5065684.74299
46,4,3825569.7111,460655.59355399996,5065681.63899
46,5,3825573.7651,460656.26355499995,5065678.535
46,6,3825558.3051,460648.492553,5065690.841990001
46,7,3825562.3591,460649.161554,5065687.73799
46,8,3825566.4141,460649.831554,5065684.63399
46,9,3825570.4691000003,460650.50055399997,5065681.529990001
46,10,3825574.5231000003,460651.17055499996,5065678.427
46,11,3825578.5771000003,460651.840555,5065675.323
46,12,3825559.0631000004,460643.399553,5065690.733990001
46,13,3825563.1171000004,460644.068554,5065687.62999
46,14,3825567.1711000004,460644.738554,5065684.52599
46,16,3825575.2811000003,460646.07755499997,5065678.318
46,17,3825579.3351000003,460646.74755499995,5065675.214000001
46,18,3825563.8751000003,460638.976554,5065687.52199
46,19,3825567.9291000003,460639.645554,5065684.41799
46,20,3825571.9841,460640.315554,5065681.313
46,21,3825576.0391,460640.984555,5065678.209
46,23,3825572.7421000004,460635.222554,5065681.205
47,24,3825659.5861,460705.054562,5065609.707
47,25,3825663.6401,460705.72456199996,5065606.603
47,26,3825656.2891,460699.292561,5065612.7020000005
47,27,3825660.3441000003,460699.961562,5065609.598
47,29,3825668.4531,460701.30156199995,5065603.390000001
47,30,3825652.9921000004,460693.529561,5065615.698
47,31,3825657.0471,460694.199562,5065612.5940000005
47,32,3825661.1021000003,460694.869562,5065609.49
47,33,3825665.1561000003,460695.538562,5065606.385
47,36,3825653.7501000003,460688.437561,5065615.589000001
47,37,3825657.8051,460689.106562,5065612.485
47,38,3825661.8591,460689.776562,5065609.381
47,40,3825669.9681,460691.11556299997,5065603.173
47,41,3825674.0231000003,460691.78556299995,5065600.069
47,42,3825658.5621,460684.01356199995,5065612.377
47,43,3825662.6171000004,460684.683562,5065609.273
47,44,3825666.6721,460685.353562,5065606.169000001
47,45,3825670.7261,460686.022563,5065603.065
47,46,3825663.3751000003,460679.590562,5065609.164
47,47,3825667.4301,460680.260562,5065606.0600000005
48,5,3829195.4935500002,469146.839855,5062188.197000001
48,6,3829197.39255,469151.264855,5062186.372
48,10,3829197.25655,469139.80685500003,5062187.509000001
48,11,3829199.1555500003,469144.231856,5062185.684
48,12,3829201.05455,469148.657856,5062183.858
48,13,3829202.95355,469153.081856,5062182.033000001
48,17,3829199.01955,469132.772856,5062186.822000001
48,18,3829200.91755,469137.19885600003,5062184.997
48,19,3829202.8175500003,469141.623856,5062183.171
48,20,3829204.71555,469146.049856,5062181.346
48,21,3829206.61455,469150.474856,5062179.5200000005
48,22,3829208.51455,469154.900856,5062177.695
48,25,3829202.68055,469130.164856,5062184.309
48,26,3829204.58055,469134.590856,5062182.484
48,27,3829206.4795500003,469139.015856,5062180.658000001
48,28,3829208.37755,469143.441856,5062178.833000001
48,29,3829210.27755,469147.866856,5062177.007
48,30,3829212.1755500003,469152.292857,5062175.182
48,34,3829208.24155,469131.983856,5062179.971
48,35,3829210.14055,469136.407856,5062178.146000001
48,36,3829212.03955,469140.833857,5062176.32
48,37,3829213.93855,469145.258857,5062174.495
48,41,3829213.80255,469133.800857,5062175.632
48,42,3829215.70155,469138.225857,5062173.807
49,5,3831469.38812,463490.96305,5060997.311
49,6,3831471.0271199998,463495.55905000004,5060995.665
49,10,3831471.53412,463484.07305,5060996.323
49,11,3831473.17212,463488.670051,5060994.677
49,12,3831474.8111199997,463493.26605100004,5060993.0309999995
49,13,3831476.4501199997,463497.863051,5060991.386
49,17,3831473.6801199997,463477.18405100005,5060995.334
49,18,3831475.31912,463481.780051,5060993.688
49,19,3831476.95812,463486.377051,5060992.043
49,20,3831478.59712,463490.97305100004,5060990.397
49,21,3831480.23612,463495.57005100005,5060988.751
49,22,3831481.87512,463500.166051,5060987.106
49,25,3831477.46512,463474.89205100003,5060992.7
49,26,3831479.10412,463479.488051,5060991.055
49,27,3831480.7431199998,463484.085051,5060989.409
49,28,3831482.3821199997,463488.681051,5060987.763
49,29,3831484.0211199997,463493.27805100003,5060986.118
49,30,3831485.66012,463497.874052,5060984.472
49,34,3831482.89012,463477.19505100005,5060988.42
49,35,3831484.52912,463481.792052,5060986.775
49,36,3831486.16812,463486.388052,5060985.129
49,37,3831487.80612,463490.98505200003,5060983.483
49,41,3831488.31312,463479.499052,5060984.141
49,42,3831489.95212,463484.095052,5060982.495
50,5,3847742.79856,466963.08442100004,5048405.10899
50,6,3847743.4735499998,466968.098421,5048404.14899
50,10,3847746.19356,466956.956421,5048403.1139899995
50,11,3847746.86856,466961.97042100003,5048402.15499
50,12,3847747.54355,466966.985421,5048401.19499
50,13,3847748.21755,466972.000421,5048400.23599
50,17,3847749.58856,466950.82942100003,5048401.11999
50,18,3847750.26356,466955.844421,5048400.15999
50,19,3847750.93756,466960.858421,5048399.20099
50,20,3847751.61256,466965.873421,5048398.24099
50,21,3847752.28655,466970.88842100004,5048397.28199
50,22,3847752.96155,466975.902421,5048396.32199
50,25,3847753.65756,466949.716421,5048398.166
50,26,3847754.33256,466954.730422,5048397.206
50,27,3847755.00656,466959.745422,5048396.2469999995
50,28,3847755.68156,466964.760422,5048395.287
50,29,3847756.35556,466969.774422,5048394.328
50,30,3847757.03055,466974.789422,5048393.368
50,34,3847758.40156,466953.618422,5048394.252
50,35,3847759.07556,466958.633422,5048393.293
50,36,3847759.75056,466963.648422,5048392.333
50,37,3847760.42556,466968.662422,5048391.374
50,41,3847763.14556,466957.52042200003,5048390.339
50,42,3847763.82056,466962.534422,5048389.379
51,5,3877819.1828599996,467544.895955,5025451.368
51,6,3877822.20186,467548.16095499997,5025448.77
51,10,3877818.93786,467537.665955,5025452.2069999995
51,11,3877821.95686,467540.928955,5025449.609
51,12,3877824.97686,467544.193956,5025447.011
51,13,3877827.9958599997,467547.458956,5025444.413
51,17,3877818.69286,467530.434955,5025453.046
51,18,3877821.71286,467533.69895499997,5025450.448
51,19,3877824.73086,467536.963956,5025447.85
51,20,3877827.7508599996,467540.227956,5025445.251999999
51,21,3877830.76986,467543.492956,5025442.654
51,22,3877833.78986,467546.756956,5025440.056
51,25,3877821.4668599996,467526.468955,5025451.287
51,26,3877824.4868599996,467529.732956,5025448.688
51,27,3877827.50586,467532.996956,5025446.091
51,28,3877830.52586,467536.261956,5025443.492
51,29,3877833.54486,467539.52595599997,5025440.895
51,30,3877836.5638599996,467542.790957,5025438.297
51,34,3877827.26086,467525.766956,5025446.93
51,35,3877830.2798599997,467529.031956,5025444.331
51,36,3877833.2998599997,467532.295956,5025441.733
51,37,3877836.31886,467535.559957,5025439.135
51,41,3877833.0548599996,467525.064956,5025442.572
51,42,3877836.07386,467528.329957,5025439.973999999
52,5,3828722.20273,454693.590823,5063858.096000001
52,6,3828723.1587300003,454698.515823,5063856.933
52,10,3828725.25874,454687.205824,5063856.379000001
52,11,3828726.21474,454692.130824,5063855.216
52,12,3828727.17173,454697.055824,5063854.053
52,13,3828728.1277300003,454701.979824,5063852.890000001
52,17,3828728.31374,454680.821824,5063854.663000001
52,18,3828729.27074,454685.746824,5063853.5
52,20,3828731.1837400002,454695.59582399996,5063851.173
52,21,3828732.14073,454700.520824,5063850.010000001
52,22,3828733.09773,454705.445824,5063848.846000001
52,25,3828732.3257400002,454679.36182399996,5063851.784
52,26,3828733.28274,454684.28682399995,5063850.62
52,27,3828734.23974,454689.211824,5063849.457
52,28,3828735.1957400003,454694.136825,5063848.294000001
52,29,3828736.15273,454699.060825,5063847.130000001
52,30,3828737.10973,454703.985825,5063845.967
52,34,3828737.29574,454682.827825,5063847.74
52,35,3828738.25174,454687.751825,5063846.5770000005
52,36,3828739.20874,454692.676825,5063845.414000001
52,37,3828740.1647400004,454697.60182499996,5063844.251
52,41,3828742.26474,454686.29182499996,5063843.697000001
52,42,3828743.2207400003,454691.21682499995,5063842.534
53,5,3829764.5039399997,452772.18791200005,5063247.296
53,6,3829768.1259399997,452774.398913,5063244.378
53,10,3829762.8559399997,452765.34091200004,5063249.152
53,11,3829766.47694,452767.550913,5063246.234
53,12,3829770.0999399996,452769.761913,5063243.3149999995
53,13,3829773.72094,452771.97191300004,5063240.397
53,17,3829761.20694,452758.49391200003,5063251.007999999
53,18,3829764.82894,452760.70491200004,5063248.09
53,19,3829768.45094,452762.914913,5063245.171
53,21,3829775.69494,452767.33591300005,5063239.335
53,22,3829779.31694,452769.545914,5063236.416
53,25,3829763.18094,452753.85791200004,5063249.9459999995
53,27,3829770.42494,452758.278913,5063244.109
53,29,3829777.66894,452762.698914,5063238.272
53,30,3829781.2909399997,452764.909914,5063235.354
53,34,3829768.77694,452751.431913,5063245.965
53,35,3829772.39794,452753.641913,5063243.047
53,36,3829776.0209399997,452755.85291300004,5063240.128
53,37,3829779.64194,452758.062914,5063237.21
53,41,3829774.37194,452749.00491300004,5063241.984
53,42,3829777.99394,452751.215914,5063239.066
54,5,3837954.15957,449625.71060500003,5057365.502
54,6,3837954.26157,449630.831605,5057364.962
54,10,3837958.18157,449620.185605,5057362.982
54,12,3837958.38557,449630.42660500004,5057361.903
54,13,3837958.48657,449635.547605,5057361.364
54,17,3837962.20357,449614.66060600005,5057360.462
54,18,3837962.30557,449619.78160600003,5057359.923
54,19,3837962.40657,449624.901606,5057359.384
54,20,3837962.50857,449630.022606,5057358.845
54,21,3837962.61057,449635.143606,5057358.305
54,22,3837962.71157,449640.26460600004,5057357.766
54,25,3837966.32757,449614.256606,5057357.404
54,26,3837966.42857,449619.37760600005,5057356.865
54,28,3837966.63257,449629.619606,5057355.786
54,29,3837966.73357,449634.739606,5057355.2469999995
54,30,3837966.83557,449639.860606,5057354.708
54,34,3837970.55257,449618.973606,5057353.806
54,35,3837970.65357,449624.094606,5057353.267
54,36,3837970.75557,449629.21460600005,5057352.727
54,37,3837970.85757,449634.33560600004,5057352.188
54,41,3837974.77757,449623.68960700004,5057350.208
54,42,3837974.87957,449628.810607,5057349.668
55,5,3845370.18792,413627.579249,5054800.06
55,6,3845373.93692,413629.461249,5054797.072
55,10,3845368.13092,413620.915249,5054802.158
55,11,3845371.87892,413622.797249,5054799.17
55,12,3845375.62792,413624.679249,5054796.182
55,13,3845379.37592,413626.56025,5054793.194
55,17,3845366.0729199997,413614.251248,5054804.256
55,18,3845369.82092,413616.133249,5054801.268
55,19,3845373.5699199997,413618.014249,5054798.28
55,20,3845377.31892,413619.896249,5054795.292
55,21,3845381.06792,413621.77825,5054792.3040000005
55,22,3845384.81592,413623.65924999997,5054789.316
55,25,3845367.76392,413609.469249,5054803.366
55,26,3845371.51192,413611.350249,5054800.378
55,27,3845375.26092,413613.232249,5054797.39
55,28,3845379.00992,413615.11425,5054794.402
55,29,3845382.75892,413616.99525,5054791.414
55,30,3845386.50692,413618.87724999996,5054788.426
55,34,3845373.2039199998,413606.568249,5054799.488
55,35,3845376.95192,413608.449249,5054796.5
55,36,3845380.7009199997,413610.33125,5054793.512
55,37,3845384.44892,413612.21325,5054790.524
55,41,3845378.64293,413603.66725,5054795.61
55,42,3845382.39193,413605.54925,5054792.622
56,5,3818419.9515,452032.148956,5071820.173
56,6,3818423.9285000004,452033.349956,5071817.129000001
56,10,3818417.1745,452025.95595599996,5071822.814
56,11,3818421.1515,452027.155956,5071819.7700000005
56,12,3818425.1275,452028.35795599996,5071816.726000001
56,13,3818429.1045000004,452029.558957,5071813.682
56,17,3818414.3975,452019.761955,5071825.455
56,18,3818418.3735,452020.963956,5071822.411
56,19,3818422.3505,452022.164956,5071819.367000001
56,20,3818426.3275,452023.364956,5071816.323
56,21,3818430.3035000004,452024.566957,5071813.28
56,22,3818434.2805000003,452025.767957,5071810.2360000005
56,25,3818415.5965,452014.76995499997,5071825.052
56,26,3818419.5735,452015.970956,5071822.008
56,27,3818423.5495,452017.17295599997,5071818.965000001
56,28,3818427.5265,452018.372956,5071815.921
56,29,3818431.5035,452019.573957,5071812.877
56,30,3818435.4795000004,452020.775957,5071809.833000001
56,34,3818420.7725,452010.978956,5071821.606000001
56,35,3818424.7495000004,452012.179956,5071818.562
56,36,3818428.7255,452013.381957,5071815.518
56,37,3818432.7025,452014.58195699996,5071812.474
56,41,3818425.9485,452007.187956,5071818.159
56,42,3818429.9255000004,452008.388957,5071815.115
57,5,3811639.24608,453457.440383,5076736.836999999
57,6,3811639.06108,453462.577383,5076736.511999999
57,10,3811643.5540899998,453452.258383,5076734.072
57,11,3811643.3670799998,453457.39538299997,5076733.748
57,12,3811643.18108,453462.530383,5076733.4229999995
57,13,3811642.99508,453467.66738299996,5076733.097999999
57,17,3811647.8600899996,453447.07638399996,5076731.307999999
57,18,3811647.67409,453452.212384,5076730.983
57,19,3811647.4880899996,453457.348384,5076730.659
57,20,3811647.3010799997,453462.485384,5076730.334
57,21,3811647.1160799996,453467.622383,5076730.009
57,22,3811646.9290799997,453472.758383,5076729.685
57,25,3811651.98109,453447.030384,5076728.219
57,26,3811651.79409,453452.166384,5076727.895
57,27,3811651.60909,453457.30338399997,5076727.569999999
57,28,3811651.42208,453462.44038399996,5076727.244999999
57,29,3811651.2360799997,453467.57638399996,5076726.920999999
57,30,3811651.05008,453472.712384,5076726.596
57,34,3811655.91509,453452.121384,5076724.806
57,35,3811655.72909,453457.258384,5076724.481
57,36,3811655.54309,453462.393384,5076724.1559999995
57,37,3811655.35608,453467.530384,5076723.8319999995
57,41,3811659.8490899997,453457.211385,5076721.392
57,42,3811659.6640899996,453462.34838499996,5076721.067
58,5,3824802.15996,426129.689508,5069259.664
58,6,3824802.54896,426134.769508,5069258.913
58,10,3824805.87796,426123.849508,5069257.401
58,11,3824806.26696,426128.92950800003,5069256.649999999
58,12,3824806.65596,426134.009508,5069255.898999999
58,13,3824807.04496,426139.089508,5069255.148
58,17,3824809.59496,426118.009509,5069255.1389999995
58,18,3824809.98496,426123.089509,5069254.387
58,19,3824810.37396,426128.169509,5069253.636
58,20,3824810.76196,426133.249509,5069252.885
58,21,3824811.1509599998,426138.329509,5069252.134
58,22,3824811.53996,426143.410509,5069251.382999999
58,25,3824813.7019599997,426117.248509,5069252.125
58,26,3824814.09096,426122.329509,5069251.374
58,27,3824814.47996,426127.409509,5069250.623
58,28,3824814.86796,426132.489509,5069249.8719999995
58,29,3824815.25696,426137.569509,5069249.120999999
58,30,3824815.64696,426142.649509,5069248.369
58,34,3824818.19696,426121.569509,5069248.359999999
58,35,3824818.58596,426126.649509,5069247.609
58,36,3824818.97496,426131.729509,5069246.858
58,37,3824819.3639599998,426136.809509,5069246.107
58,41,3824822.69296,426125.88951,5069244.595
58,42,3824823.08196,426130.96951,5069243.844
59,5,3824133.00913,459488.448434,5066861.711999999
59,6,3824136.8711300003,459489.992434,5066858.674
59,10,3824130.59913,459482.005433,5066864.103999999
59,12,3824138.32113,459485.093434,5066858.028
59,17,3824128.18713,459475.562433,5066866.495999999
59,18,3824132.04813,459477.106434,5066863.458
59,19,3824135.91013,459478.649434,5066860.42
59,20,3824139.7711300002,459480.193434,5066857.381999999
59,21,3824143.63313,459481.737435,5066854.344
59,22,3824147.49413,459483.281435,5066851.306
59,25,3824129.6381300003,459470.663433,5066865.85
59,26,3824133.4991300004,459472.207434,5066862.812
59,28,3824141.22213,459475.29543399997,5066856.736
59,29,3824145.0841300003,459476.838435,5066853.698
59,30,3824148.9451300004,459478.382435,5066850.66
59,34,3824134.9501300002,459467.308434,5066862.166
59,35,3824138.8111300003,459468.851434,5066859.128
59,36,3824142.6721300003,459470.395434,5066856.09
59,37,3824146.5331300003,459471.939435,5066853.052
59,41,3824140.26113,459463.952434,5066858.482
59,42,3824144.12313,459465.496435,5066855.444
60,5,3797125.98064,463116.536153,5086658.883
60,6,3797127.2256400003,463121.347153,5086657.536
60,10,3797128.6866400004,463109.925153,5086657.461
60,11,3797129.9326400002,463114.73715299997,5086656.114
60,12,3797131.17864,463119.550153,5086654.767
60,13,3797132.42264,463124.36215299997,5086653.42
60,17,3797131.39464,463103.315153,5086656.0370000005
60,18,3797132.63964,463108.12815299997,5086654.691000001
60,19,3797133.8846400003,463112.939153,5086653.3440000005
60,20,3797135.1296400004,463117.752153,5086651.998000001
60,21,3797136.37564,463122.564154,5086650.651000001
60,25,3797135.34664,463101.517153,5086653.268
60,26,3797136.59164,463106.33015399997,5086651.921
60,28,3797139.08264,463115.95515399997,5086649.228
60,29,3797140.3276400003,463120.766154,5086647.881
60,30,3797141.5726400004,463125.579154,5086646.535
60,34,3797140.5446400004,463104.532154,5086649.152000001
60,35,3797141.7886400004,463109.344154,5086647.805000001
60,36,3797143.03464,463114.157154,5086646.458000001
60,37,3797144.28064,463118.969154,5086645.1110000005
60,41,3797145.74164,463107.54715399997,5086645.036
60,42,3797146.9866400003,463112.358154,5086643.689
61,5,3783527.64913,450135.223012,5097873.092
61,6,3783529.79913,450139.455012,5097871.096
61,11,3783531.17013,450132.313012,5097870.7129999995
61,12,3783533.31913,450136.545012,5097868.717
61,13,3783535.47013,450140.778012,5097866.72
61,17,3783530.39113,450120.937012,5097872.325999999
61,18,3783532.54013,450125.170012,5097870.33
61,19,3783534.69013,450129.403012,5097868.334
61,20,3783536.84013,450133.636013,5097866.336999999
61,21,3783538.99013,450137.868013,5097864.341
61,22,3783541.13913,450142.101013,5097862.345
61,25,3783533.91113,450118.027012,5097869.947
61,26,3783536.06013,450122.260013,5097867.950999999
61,27,3783538.21013,450126.492013,5097865.955
61,28,3783540.36013,450130.725013,5097863.958
61,29,3783542.51013,450134.95801299997,5097861.961999999
61,30,3783544.65913,450139.191013,5097859.966
61,34,3783539.5801399997,450119.350013,5097865.572
61,35,3783541.7311299997,450123.58301299997,5097863.574999999
61,36,3783543.88013,450127.815013,5097861.579
61,37,3783546.03013,450132.048013,5097859.583
61,41,3783545.25114,450120.673013,5097861.1959999995
61,42,3783547.40113,450124.905014,5097859.199999999
